id	hypothesis	change	before	after	delta	tests	verdict	note
P000	Native stats and phrase contracts differ	Freeze unmodified adapters and native fixtures	N=4 versus field N=2; repeated slop count 2 versus 1	baseline	NA	parent reproduction and 264-query differential	baseline	Existing Wiki timing used aligned statistics; it is not full native parity
P001	Freeze complete native contract ruler	16 configurations/330 queries with missing,normless,merge,wide-slop coverage	182 structural;301 rawscore;235 convertedscore mismatches	baseline	NA	parent independently rebuilt and ran both engines	baseline	Complete adapter replaces initial subset for subsequent comparisons; corpus is frozen
P002	Correct repeated sloppy traversal and field statistics	Integrate dfc1749d1 and ff6fa0fec	182 structural;235 converted;301 raw mismatches	0 structural;0 converted;301 raw mismatches	all structural and same-convention defects removed	parent frozen330 plus 1340lib and8release pruning	kept	Strict native gate remains failed until raw BM25 migration; no new timing claim
P003	Native arithmetic requires reciprocal cache and one-round IDF	Integrate ea5a34f1e	301 raw-score mismatches	0 raw-score;1 structural mismatch	all raw-score defects removed within frozen tolerance	parent frozen330 plus native leaf bit references	kept	Strict native gate still fails one Boolean tie-order mismatch; historical 2.2 diagnostic is obsolete for native scores; no timing claim
P004	Native pruning needs explicit comparator provenance	Integrate af4189765 format11 saturation-input selection	Native queries conservatively reject legacy selected pairs	Native writer and reader restore trusted bounds with symmetric policy checks	correctness prerequisite; performance pending	1354 normal lib;4 native integration;7 focused matrix/witness/metadata/footer	kept	No timing claim; old indexes retain safe fallback; full frozen gate awaits Boolean sum fix
P005	Heap-order float addition breaks identical-document ties	Integrate 53ab299a0 double default sums and coupled positive-sum bounds	0 raw;1 structural mismatch	0 raw;0 structural mismatches;strict gate green	all frozen native failures removed	parent unchanged330;worker1352 normal lib,13 release integrations,2 bound witnesses	kept	Cases SHA unchanged f632da13074c6556bcd9a2ba7605d7974f96c5bbab455100dfb711cfa30c8826;no speed claim;full API parity still incomplete
P006	Native corpus token gap is analyzer configuration	Trace literal long words plus actual Java dictionary/analyzer and old T wildcard controls	T294826965 versusL294827020	55 dropped occurrences across41terms;max219bytes	root cause reproduced	corpus tally and existing-index reference with artifact hashes	baseline-correction	Configured ASCII replay subsequently verified inP009;old indexes/binaries preserved;do not transfer old matched timing claims to native replay
P007	Phrase-prefix bypasses supplied statistics	Integrate6cfc3875c	Custom provider scores/errors bypassed	Provider snapshot and errors respected	API route fixed	4 release prefix integration fixtures	kept	No Lucene MultiPhrase parity or isolated speed claim
P008	Basic scalar norms count values instead of encoded terms	Integrate432026cf5	Repeated aliases norm3 versus2 and differing raw scores	Unique encoded term/doc norm and native scores match	norm root cause fixed	4 release scalar integration fixtures;actual pinned Java reference	kept	New indexing/reindex required;old norm bytes unchanged
P009	Explicit ASCII analyzer makes frozen native corpus equivalent	Configured replay and full logical verifier	55 missing token occurrences;41 terms	All1642896 DF/TTF and all1M ID/sort/norm rows equal	exact corpus gate green	boundary analyzer15tools;full hashes dc15193a/31e2b88a;Wiki20;native330	kept	Bounded ASCII domain;not all Unicode analyzers or full cross-engine positions
P010	Native parity can preserve measured query efficiency	Measure frozen7db release native BM25 against unmodified Lucene10.4	Historical matched measurements not equivalent baseline	COUNT T/L .76935/.78807;TOP10 .47828/.54941;all20win eachorder;619508124 versus626810511bytes;RSS14.90 versus346.27MiB	native efficiency observed;no isolated incremental delta claimed	330 synthetic;Wiki20;full corpus;21release;15tools	verified	40s warmup256samples CPU4bothorders;userloadleftactive;defaultJVM RSS GC-sensitive;fullAPIscopeunfinished
