id	modules	family	behavior_status	rust_api_status	sources	gap	java_facade_status	index_format_status	tested_status	source_status
index-lifecycle	core	Indexing, readers, commits, deletes, merges, NRT	partial	partial	src/index/index.rs;src/index/segment_reader.rs;src/indexer/index_writer.rs;src/core/searcher.rs	Native index lifecycle exists; Lucene update-doc-values, commit/snapshot, NRT, concurrency and failure contracts are not exhaustively mapped or tested.	missing	incompatible	not tested by this inventory pass	verified source references; family absence scoped to built-in pinned tree
fulltext-query	core	Term, Boolean, exclusions, minimum SHOULD match	partial	partial	src/query/term_query/term_query.rs;src/query/boolean_query/boolean_query.rs;src/query/boolean_query/boolean_weight.rs;src/query/const_score_query.rs;query-grammar/src/occur.rs	Native term/Boolean APIs exist. FILTER is expressible through zero-score ConstScoreQuery but lacks an occurrence variant. Do not infer all clause rewrite/scoring contracts from tested benchmark queries.	missing	not established / not directly applicable	not tested by this inventory pass	verified source references; family absence scoped to built-in pinned tree
phrase-proximity	core;queries	Exact/sloppy phrases, repeated terms, multiphrases and proximity	partial	partial	src/query/phrase_query/phrase_query.rs;src/query/phrase_query/phrase_scorer.rs;src/query/phrase_prefix_query/phrase_prefix_query.rs;src/query/phrase_query/regex_phrase_query.rs	Exact/sloppy phrase surface exists. Sloppy distance-weighted frequency, repeated-term occurrence collision handling, carrying slop width and full MultiPhrase behavior require differential proof.	missing	not established / not directly applicable	not tested by this inventory pass	verified source references; family absence scoped to built-in pinned tree
bm25	core	BM25 parameters, field population, norms, score scale and bounds	partial	partial	src/query/bm25.rs;src/query/term_query/term_weight.rs;src/fieldnorm/code.rs;src/index/inverted_index_plugin.rs	Native k1/b fixed at 1.2/0.75; raw multiplier is k1+1 (2.2). Field population differs, deleted-merge token totals are approximated, overlap/DOCS-only norm semantics differ. Matched benchmark overrides do not establish native parity.	missing	not established / not directly applicable	not tested by this inventory pass	verified source references; family absence scoped to built-in pinned tree
similarities	core	Classic TF-IDF, LM, DFR/IB/DFI and pluggable Similarity	missing	partial	src/query/bm25.rs;src/query/scorer.rs;src/query/query.rs	Custom Rust Query/Scorer extensions are possible; built-in Lucene Similarity model families and their public/protected subclass hooks are absent.	missing	not established / not directly applicable	not tested by this inventory pass	verified source references; family absence scoped to built-in pinned tree
multi-term	core;queries	Automaton, regexp, fuzzy, prefix, wildcard, term sets and rewrites	partial	partial	src/query/automaton_weight.rs;src/query/regex_query.rs;src/query/fuzzy_query.rs;src/query/set_query.rs	Several native query families exist; full Lucene automaton/rewrite methods, rewrite limits, Unicode and fuzzy edit contracts remain untested.	missing	not established / not directly applicable	not tested by this inventory pass	verified source references; family absence scoped to built-in pinned tree
spans	queries	Span queries and positional/payload spans	missing	missing	src/query/mod.rs;src/postings/postings.rs	No built-in SpanQuery/Spans family. PhraseQuery is not a replacement for composable span-near, span-not, span-first and payload spans.	missing	not established / not directly applicable	not tested by this inventory pass	verified source references; family absence scoped to built-in pinned tree
intervals	queries	Intervals, sources and interval functions	missing	missing	src/query/mod.rs	No built-in Lucene interval-source algebra or interval query family; aggregation time intervals are unrelated.	missing	not established / not directly applicable	not tested by this inventory pass	verified source references; family absence scoped to built-in pinned tree
knn-vectors	core	Float/byte KNN vectors, vector similarities and filtered search	missing	missing	src/schema/field_type.rs;src/query/mod.rs;Cargo.toml	No built-in vector field or KNN query/search family. Custom field plugins are an extension mechanism, not an implemented equivalent.	missing	not established / not directly applicable	not tested by this inventory pass	verified source references; family absence scoped to built-in pinned tree
hnsw	core;codecs;backward-codecs	HNSW graphs, vector codecs, quantization and graph extension APIs	missing	missing	src/schema/field_type.rs;src/plugin.rs;src/query/mod.rs	No built-in HNSW indexing/graph navigation, vector format, scalar/binary quantization or backward vector codec parity.	missing	not established / not directly applicable	not tested by this inventory pass	verified source references; family absence scoped to built-in pinned tree
bkd-points	core	BKD, multidimensional points, dimensional ranges and geometry indexing	missing	partial	src/query/range_query/range_query.rs;src/query/range_query/range_query_fastfield.rs;src/schema/field_type.rs	Scalar range matching exists via term/fast-field paths; no native BKD point tree or Lucene multidimensional PointValues/shape indexing.	missing	not established / not directly applicable	not tested by this inventory pass	verified source references; family absence scoped to built-in pinned tree
geospatial	core;spatial-extras;spatial3d	LatLon/XY shapes, spatial strategies and 3D geometry	missing	missing	src/schema/field_type.rs;src/query/mod.rs	No built-in geospatial fields, geometry relations, SpatialStrategy or spatial3d topology APIs.	missing	not established / not directly applicable	not tested by this inventory pass	verified source references; family absence scoped to built-in pinned tree
numeric-ranges	core	Numeric/date/IP range and exists queries	partial	partial	src/query/range_query/range_query.rs;src/query/range_query/range_query_fastfield.rs;src/query/exist_query.rs	Scalar ranges/exists exist; missing-value, multivalue, inclusivity, NaN, date resolution and Lucene field-type contracts are not exhaustively tested.	missing	not established / not directly applicable	not tested by this inventory pass	verified source references; family absence scoped to built-in pinned tree
doc-values	core	Doc values, sorted fields, multivalues and updates	partial	partial	src/fastfield/mod.rs;columnar/src/lib.rs;src/collector/sort_key/mod.rs	Typed columnar fast fields and sorting exist; full Lucene doc-values update, iterator, ordinal and caching APIs are not native equivalents.	missing	not established / not directly applicable	not tested by this inventory pass	verified source references; family absence scoped to built-in pinned tree
stored-fields	core	Stored fields, visitors, documents and term vectors	partial	partial	src/store/mod.rs;src/schema/document/mod.rs;src/index/inverted_index_reader.rs	Stored documents and term postings exist; Lucene per-document term-vector/payload/offset and StoredFieldVisitor contracts need explicit mapping, not postings-name equivalence.	missing	not established / not directly applicable	not tested by this inventory pass	verified source references; family absence scoped to built-in pinned tree
collectors	core	Top scores, count, sort, pagination, collector managers and caches	partial	partial	src/collector/top_score_collector.rs;src/collector/count_collector.rs;src/collector/multi_collector.rs;src/collector/sort_key_top_collector.rs	Native count/top/sort exist. Total-hits thresholds, searchAfter, ties, slice concurrency, query caching and collector callback contracts remain incomplete.	missing	not established / not directly applicable	not tested by this inventory pass	verified source references; family absence scoped to built-in pinned tree
join	join	Block joins, parent/child, query-time joins and vector joins	missing	missing	src/query/mod.rs;src/collector/mod.rs	No built-in Lucene ToParent/ToChildBlockJoin, JoinUtil or block-join vector-query family.	missing	not established / not directly applicable	not tested by this inventory pass	verified source references; family absence scoped to built-in pinned tree
grouping	grouping	Grouped TopDocs, collapse and two-pass grouping	missing	partial	src/aggregation/mod.rs;src/collector/mod.rs	Aggregation buckets are available; grouped top-document selection, group selectors, first/second-pass contracts and Lucene grouping API are not implemented equivalents.	missing	not established / not directly applicable	not tested by this inventory pass	verified source references; family absence scoped to built-in pinned tree
facets	facet	Taxonomy, sorted-set, range, hierarchical and association facets	partial	partial	src/collector/facet_collector.rs;src/schema/facet.rs;src/aggregation/mod.rs	Hierarchical facet counting and aggregation exist; taxonomy readers/writers, drill-sideways, associations and full Lucene facet lifecycle differ or are absent.	missing	not established / not directly applicable	not tested by this inventory pass	verified source references; family absence scoped to built-in pinned tree
highlighter	highlighter	Classic, vector and unified highlighters, passages and offsets	partial	partial	src/snippet/mod.rs	SnippetGenerator exists. Phrase/offset-aware unified highlighting, term vectors, passage scoring, break iterators and all protected formatter hooks need separate implementation/testing.	missing	not established / not directly applicable	not tested by this inventory pass	verified source references; family absence scoped to built-in pinned tree
analysis-core	core;analysis-common	Token streams, attributes, filters and general/language analyzers	partial	partial	src/tokenizer/mod.rs;tokenizer-api/src/lib.rs;src/tokenizer/stemmer.rs;src/tokenizer/stop_word_filter/mod.rs	Token/filter/analyzer extensions, stemming and common filters exist; Lucene's complete analyzer catalog, char filters, attributes, token graph, position/offset and lifecycle contracts are not equivalent.	missing	not established / not directly applicable	not tested by this inventory pass	verified source references; family absence scoped to built-in pinned tree
analysis-icu	analysis-icu	ICU analysis, collation, normalization and segmentation	missing	missing	src/tokenizer/mod.rs;src/tokenizer/ascii_folding_filter.rs;Cargo.toml	ASCII folding is not ICU normalization, segmentation or collation. No built-in ICU analyzer suite.	missing	not established / not directly applicable	not tested by this inventory pass	verified source references; family absence scoped to built-in pinned tree
analysis-kuromoji	analysis-kuromoji	Japanese morphological analysis and dictionaries	missing	missing	src/tokenizer/mod.rs;Cargo.toml	No built-in Kuromoji-equivalent morphological analyzer/dictionary API.	missing	not established / not directly applicable	not tested by this inventory pass	verified source references; family absence scoped to built-in pinned tree
analysis-morfologik	analysis-morfologik	Morfologik dictionary stemming	missing	missing	src/tokenizer/stemmer.rs;Cargo.toml	Generic stemmer support does not provide Morfologik dictionary behavior/API.	missing	not established / not directly applicable	not tested by this inventory pass	verified source references; family absence scoped to built-in pinned tree
analysis-nori	analysis-nori	Korean morphological analysis and dictionaries	missing	missing	src/tokenizer/mod.rs;Cargo.toml	No built-in Nori-equivalent morphological analyzer/dictionary API.	missing	not established / not directly applicable	not tested by this inventory pass	verified source references; family absence scoped to built-in pinned tree
analysis-opennlp	analysis-opennlp	OpenNLP sentence/token/POS/chunk/lemma analysis	missing	missing	src/tokenizer/mod.rs;Cargo.toml	No built-in OpenNLP model-loading and token-attribute analyzer suite.	missing	not established / not directly applicable	not tested by this inventory pass	verified source references; family absence scoped to built-in pinned tree
analysis-phonetic	analysis-phonetic	Phonetic token filters and algorithms	missing	missing	src/tokenizer/mod.rs;Cargo.toml	No built-in Lucene phonetic encoder/filter suite.	missing	not established / not directly applicable	not tested by this inventory pass	verified source references; family absence scoped to built-in pinned tree
analysis-smartcn	analysis-smartcn	Chinese dictionary segmentation	missing	missing	src/tokenizer/mod.rs;Cargo.toml	No built-in SmartChinese analyzer/dictionary behavior/API.	missing	not established / not directly applicable	not tested by this inventory pass	verified source references; family absence scoped to built-in pinned tree
analysis-stempel	analysis-stempel	Stempel Polish stemming	missing	missing	src/tokenizer/stemmer.rs;Cargo.toml	No built-in Stempel table-driven Polish stemmer API; generic Language enum is not equivalent.	missing	not established / not directly applicable	not tested by this inventory pass	verified source references; family absence scoped to built-in pinned tree
queryparsers	queryparser	Classic, flexible, simple, complex-phrase, surround and XML parsers	partial	partial	src/query/query_parser/query_parser.rs;query-grammar/src/lib.rs	A native parser exists, but full Lucene grammar/modes, XML builders, extension subclasses and rewrite rules are not covered. Pure-negative strict parsing differs.	missing	not established / not directly applicable	not tested by this inventory pass	verified source references; family absence scoped to built-in pinned tree
expressions	expressions	Expression compilation, bindings and expression sorting/scoring	partial	partial	jitexpr/src/lib.rs;src/query/doc_predicate_query/jitexpr_predicate.rs;src/collector/sort_key/mod.rs	Optional Rust JIT expressions/predicates exist; Lucene JavaScript compiler, Bindings, function registry, value-source and bytecode extension contracts differ.	missing	not established / not directly applicable	not tested by this inventory pass	verified source references; family absence scoped to built-in pinned tree
value-sources	queries	Function queries, value sources, custom scores and MoreLikeThis	partial	partial	src/query/more_like_this/mod.rs;src/query/doc_predicate_query/mod.rs;src/collector/top_score_collector.rs	MoreLikeThis/custom scoring/predicates exist; full Lucene ValueSource/DoubleValuesSource algebra and Java subclass contracts are missing.	missing	not established / not directly applicable	not tested by this inventory pass	verified source references; family absence scoped to built-in pinned tree
suggest	suggest	Autocomplete, FST suggesters, spellchecking and lookup	missing	partial	src/termdict/mod.rs;src/query/fuzzy_query.rs	FST dictionaries and fuzzy queries are primitives, not Lucene suggesters, weighted/contextual completion, spellcheck or lookup behavior.	missing	not established / not directly applicable	not tested by this inventory pass	verified source references; family absence scoped to built-in pinned tree
classification	classification	Bayes/KNN/perceptron document classification	missing	missing	src/core/searcher.rs;src/query/mod.rs	Search primitives are present; no built-in Lucene classification algorithms or classifier contracts.	missing	not established / not directly applicable	not tested by this inventory pass	verified source references; family absence scoped to built-in pinned tree
monitor	monitor	Reverse search, stored query monitoring and presearchers	missing	missing	src/core/searcher.rs;src/query/mod.rs	No built-in Monitor query persistence, candidate presearching, matcher and update lifecycle.	missing	not established / not directly applicable	not tested by this inventory pass	verified source references; family absence scoped to built-in pinned tree
replicator	replicator	Index replication, revision/session lifecycle and copy recovery	missing	partial	src/directory/directory.rs;src/directory/managed_directory.rs	Directory APIs permit application-level copying; no built-in Lucene revision/session/replication client-handler protocol or recovery semantics.	missing	incompatible	not tested by this inventory pass	verified source references; family absence scoped to built-in pinned tree
single-doc-memory	memory	Single-document MemoryIndex	partial	partial	src/directory/ram_directory.rs;src/index/index.rs	In-memory indexes exist; that does not establish MemoryIndex reset/freeze/offset/term-vector/scoring API semantics or comparable lifecycle cost.	missing	not established / not directly applicable	not tested by this inventory pass	verified source references; family absence scoped to built-in pinned tree
codec-formats	core;codecs;backward-codecs	Postings, terms, doc values, stored fields, codec SPI and backward formats	partial	partial	src/postings/compression/mod.rs;src/postings/skip.rs;src/termdict/mod.rs;src/store/mod.rs;src/compat_tests.rs;src/plugin.rs	Native Rust codecs/backward Tantivy formats exist; Lucene codecs/SPI/legacy Lucene formats are not supported. 128-doc vs 256-doc blocks and flat vs hierarchical skip execution differ.	missing	incompatible	not tested by this inventory pass	verified source references; family absence scoped to built-in pinned tree
directories	core	Directory, locks, FS/mmap/RAM I/O and failure contracts	partial	partial	src/directory/directory.rs;src/directory/mmap_directory/mod.rs;src/directory/ram_directory.rs;src/directory/directory_lock.rs	Corresponding native storage primitives exist; Lucene file lifecycle/locking/crash consistency and Java public/protected extension contracts remain untested.	missing	incompatible	not tested by this inventory pass	verified source references; family absence scoped to built-in pinned tree
misc-tools	misc	Index maintenance, integrity checks, rearranging and miscellaneous utilities	partial	partial	src/index/index.rs;src/indexer/index_writer.rs;src/compat_tests.rs	Some indexing/merge operations exist; complete Lucene misc tools, CheckIndex-style reports and CLI behaviors are not native equivalents.	missing	incompatible	not tested by this inventory pass	verified source references; family absence scoped to built-in pinned tree
sandbox	sandbox	Experimental queries, facets, sorting, tracing and utilities	unverified	unverified	src/query/mod.rs;src/aggregation/mod.rs;src/collector/mod.rs	Module fully inventoried at type/member level. Individual experimental behavior contracts need explicit review; no family-level parity claim.	missing	not established / not directly applicable	not tested by this inventory pass	verified source references; family absence scoped to built-in pinned tree
benchmark	benchmark	Benchmark tasks, feeds, parsers and quality evaluation	missing	partial	doc/performance/lucene-10.4/README.md;doc/performance/lucene-10.4/suite_lucene_interleaved.py	A project-specific comparison harness exists, not Lucene benchmark task-language/feed/quality APIs. Matched scoring overrides must remain disclosed.	missing	not established / not directly applicable	not tested by this inventory pass	verified source references; family absence scoped to built-in pinned tree
demo	demo	IndexFiles/SearchFiles demos and CLI examples	partial	partial	examples/basic_search.rs;doc/performance/lucene-10.4/do_query.rs	Rust examples/adapters exist; Java demo classes, command-line flags, output and file compatibility are not provided.	missing	not established / not directly applicable	not tested by this inventory pass	verified source references; family absence scoped to built-in pinned tree
test-framework	test-framework	Randomized, codec, analyzer, directory and fault-injection test framework	missing	partial	src/compat_tests.rs;src/query/seek_danger_tests.rs;src/collector/tests.rs;Cargo.toml	Rust tests/proptest exist; Lucene's reusable Java randomized base classes, mock wrappers, assertions and subclass hooks are not equivalents.	missing	not established / not directly applicable	not tested by this inventory pass	verified source references; family absence scoped to built-in pinned tree
luke	luke	Luke Swing GUI, index inspection and tools	missing	missing	src/index/index.rs;src/index/inverted_index_reader.rs	Reader primitives do not constitute the Luke GUI, tool workflows or Java model/presenter APIs.	missing	incompatible	not tested by this inventory pass	verified source references; family absence scoped to built-in pinned tree
java-extension	core;codecs;test-framework	Java public/protected extensibility, subclassing and SPI	missing	partial	src/query/query.rs;src/query/scorer.rs;src/plugin.rs;src/directory/directory.rs;tokenizer-api/src/lib.rs	Rust traits/plugins support native extensions; no Java facade/JNI class hierarchy, inherited protected hooks, exceptions, serialization, module exports or binary ABI compatibility.	missing	not established / not directly applicable	not tested by this inventory pass	verified source references; family absence scoped to built-in pinned tree
index-file-compatibility	core;codecs;backward-codecs;luke;misc;replicator	Read/write Lucene 10.4 and older index files	missing	missing	src/index/index_meta.rs;src/index/segment_component.rs;src/directory/footer.rs;src/postings/skip.rs	Native Tantivy files/meta/codec are incompatible with Lucene's segment formats. Shared algorithm names do not establish on-disk interchange.	missing	incompatible	not tested by this inventory pass	verified source references; family absence scoped to built-in pinned tree
