module	families	accounted	behavioral_parity	java_facade	declared_members
core	index-lifecycle;fulltext-query;phrase-proximity;bm25;similarities;multi-term;knn-vectors;hnsw;bkd-points;geospatial;numeric-ranges;doc-values;stored-fields;collectors;analysis-core;codec-formats;directories;java-extension;index-file-compatibility	True	not exhaustively verified	missing	10154
analysis-common	analysis-core	True	not exhaustively verified	missing	2426
analysis-icu	analysis-icu	True	not exhaustively verified	missing	84
analysis-kuromoji	analysis-kuromoji	True	not exhaustively verified	missing	235
analysis-morfologik	analysis-morfologik	True	not exhaustively verified	missing	33
analysis-nori	analysis-nori	True	not exhaustively verified	missing	222
analysis-opennlp	analysis-opennlp	True	not exhaustively verified	missing	90
analysis-phonetic	analysis-phonetic	True	not exhaustively verified	missing	41
analysis-smartcn	analysis-smartcn	True	not exhaustively verified	missing	60
analysis-stempel	analysis-stempel	True	not exhaustively verified	missing	83
backward-codecs	hnsw;codec-formats;index-file-compatibility	True	not exhaustively verified	missing	1016
benchmark	benchmark	True	not exhaustively verified	missing	702
classification	classification	True	not exhaustively verified	missing	91
codecs	hnsw;codec-formats;java-extension;index-file-compatibility	True	not exhaustively verified	missing	707
demo	demo	True	not exhaustively verified	missing	85
expressions	expressions	True	not exhaustively verified	missing	129
facet	facets	True	not exhaustively verified	missing	660
grouping	grouping	True	not exhaustively verified	missing	223
highlighter	highlighter	True	not exhaustively verified	missing	730
join	join	True	not exhaustively verified	missing	92
memory	single-doc-memory	True	not exhaustively verified	missing	18
misc	misc-tools;index-file-compatibility	True	not exhaustively verified	missing	240
monitor	monitor	True	not exhaustively verified	missing	207
queries	phrase-proximity;multi-term;spans;intervals;value-sources	True	not exhaustively verified	missing	1161
queryparser	queryparsers	True	not exhaustively verified	missing	1499
replicator	replicator;index-file-compatibility	True	not exhaustively verified	missing	118
sandbox	sandbox	True	not exhaustively verified	missing	575
spatial-extras	geospatial	True	not exhaustively verified	missing	681
spatial3d	geospatial	True	not exhaustively verified	missing	575
suggest	suggest	True	not exhaustively verified	missing	579
test-framework	test-framework;java-extension	True	not exhaustively verified	missing	2552
luke	luke;index-file-compatibility	True	not exhaustively verified	missing	754
