module	doc_path	catalogued	artifact	documented_types	api_types	binary_api_types	documented_member_labels	declared_public_members	declared_protected_members	base_classes	multi_release_classes
core	core	True	lucene-core	1171	1189	1189	9984	9021	1133	2663	0
analysis-common	analysis/common	True	lucene-analysis-common	451	451	451	2375	2141	285	651	0
analysis-icu	analysis/icu	True	lucene-analysis-icu	18	18	18	82	83	1	24	0
analysis-kuromoji	analysis/kuromoji	True	lucene-analysis-kuromoji	46	46	46	231	226	9	68	0
analysis-morfologik	analysis/morfologik	True	lucene-analysis-morfologik	6	6	6	31	30	3	7	0
analysis-nori	analysis/nori	True	lucene-analysis-nori	30	30	30	218	218	4	47	0
analysis-opennlp	analysis/opennlp	True	lucene-analysis-opennlp	17	17	17	86	88	2	17	0
analysis-phonetic	analysis/phonetic	True	lucene-analysis-phonetic	8	8	8	38	40	1	8	0
analysis-smartcn	analysis/smartcn	True	lucene-analysis-smartcn	10	10	10	60	57	3	19	0
analysis-stempel	analysis/stempel	True	lucene-analysis-stempel	16	16	16	83	81	2	20	0
backward-codecs	backward-codecs	True	lucene-backward-codecs	132	134	134	981	983	33	450	0
benchmark	benchmark	True	lucene-benchmark	127	127	127	696	597	105	155	0
classification	classification	True	lucene-classification	16	16	16	90	69	22	19	0
codecs	codecs	True	lucene-codecs	89	91	91	672	464	243	209	0
demo	demo	True	lucene-demo	18	18	18	85	84	1	24	0
expressions	expressions	True	lucene-expressions	7	24	24	29	127	2	38	0
facet	facet	True	lucene-facet	98	103	103	693	608	52	190	0
grouping	grouping	True	lucene-grouping	31	31	31	215	177	46	55	0
highlighter	highlighter	True	lucene-highlighter	107	107	107	717	627	103	166	0
join	join	True	lucene-join	16	16	16	114	83	9	123	0
memory	memory	True	lucene-memory	1	1	1	18	18	0	32	0
misc	misc	True	lucene-misc	42	42	42	232	192	48	71	0
monitor	monitor	True	lucene-monitor	33	35	35	203	194	13	85	0
queries	queries	True	lucene-queries	134	135	135	1143	999	162	368	0
queryparser	queryparser	True	lucene-queryparser	227	227	227	1437	1303	196	247	0
replicator	replicator	True	lucene-replicator	9	9	9	118	87	31	15	0
sandbox	sandbox	True	lucene-sandbox	99	100	100	566	463	112	227	0
spatial-extras	spatial-extras	True	lucene-spatial-extras	78	78	78	668	530	151	136	0
spatial3d	spatial3d	True	lucene-spatial3d	56	62	62	568	547	28	145	0
suggest	suggest	True	lucene-suggest	81	81	81	570	504	75	117	0
test-framework	test-framework	True	lucene-test-framework	253	253	253	2539	2216	336	582	0
luke		False	lucene-luke	0	156	156	0	739	15	277	0
