module	package
core	org.apache.lucene.analysis
core	org.apache.lucene.analysis.standard
core	org.apache.lucene.analysis.tokenattributes
core	org.apache.lucene.codecs
core	org.apache.lucene.codecs.compressing
core	org.apache.lucene.codecs.hnsw
core	org.apache.lucene.codecs.lucene103.blocktree
core	org.apache.lucene.codecs.lucene104
core	org.apache.lucene.codecs.lucene90
core	org.apache.lucene.codecs.lucene90.compressing
core	org.apache.lucene.codecs.lucene94
core	org.apache.lucene.codecs.lucene95
core	org.apache.lucene.codecs.lucene99
core	org.apache.lucene.codecs.perfield
core	org.apache.lucene.document
core	org.apache.lucene.geo
core	org.apache.lucene.index
core	org.apache.lucene.internal.hppc
core	org.apache.lucene.internal.tests
core	org.apache.lucene.internal.vectorization
core	org.apache.lucene.search
core	org.apache.lucene.search.comparators
core	org.apache.lucene.search.knn
core	org.apache.lucene.search.similarities
core	org.apache.lucene.store
core	org.apache.lucene.util
core	org.apache.lucene.util.automaton
core	org.apache.lucene.util.bkd
core	org.apache.lucene.util.compress
core	org.apache.lucene.util.fst
core	org.apache.lucene.util.graph
core	org.apache.lucene.util.hnsw
core	org.apache.lucene.util.mutable
core	org.apache.lucene.util.packed
core	org.apache.lucene.util.quantization
analysis-common	org.apache.lucene.analysis.ar
analysis-common	org.apache.lucene.analysis.bg
analysis-common	org.apache.lucene.analysis.bn
analysis-common	org.apache.lucene.analysis.boost
analysis-common	org.apache.lucene.analysis.br
analysis-common	org.apache.lucene.analysis.ca
analysis-common	org.apache.lucene.analysis.charfilter
analysis-common	org.apache.lucene.analysis.cjk
analysis-common	org.apache.lucene.analysis.ckb
analysis-common	org.apache.lucene.analysis.classic
analysis-common	org.apache.lucene.analysis.commongrams
analysis-common	org.apache.lucene.analysis.compound
analysis-common	org.apache.lucene.analysis.compound.hyphenation
analysis-common	org.apache.lucene.analysis.core
analysis-common	org.apache.lucene.analysis.custom
analysis-common	org.apache.lucene.analysis.cz
analysis-common	org.apache.lucene.analysis.da
analysis-common	org.apache.lucene.analysis.de
analysis-common	org.apache.lucene.analysis.el
analysis-common	org.apache.lucene.analysis.email
analysis-common	org.apache.lucene.analysis.en
analysis-common	org.apache.lucene.analysis.es
analysis-common	org.apache.lucene.analysis.et
analysis-common	org.apache.lucene.analysis.eu
analysis-common	org.apache.lucene.analysis.fa
analysis-common	org.apache.lucene.analysis.fi
analysis-common	org.apache.lucene.analysis.fr
analysis-common	org.apache.lucene.analysis.ga
analysis-common	org.apache.lucene.analysis.gl
analysis-common	org.apache.lucene.analysis.hi
analysis-common	org.apache.lucene.analysis.hu
analysis-common	org.apache.lucene.analysis.hunspell
analysis-common	org.apache.lucene.analysis.hy
analysis-common	org.apache.lucene.analysis.id
analysis-common	org.apache.lucene.analysis.in
analysis-common	org.apache.lucene.analysis.it
analysis-common	org.apache.lucene.analysis.lt
analysis-common	org.apache.lucene.analysis.lv
analysis-common	org.apache.lucene.analysis.minhash
analysis-common	org.apache.lucene.analysis.miscellaneous
analysis-common	org.apache.lucene.analysis.morph
analysis-common	org.apache.lucene.analysis.ne
analysis-common	org.apache.lucene.analysis.ngram
analysis-common	org.apache.lucene.analysis.nl
analysis-common	org.apache.lucene.analysis.no
analysis-common	org.apache.lucene.analysis.path
analysis-common	org.apache.lucene.analysis.pattern
analysis-common	org.apache.lucene.analysis.payloads
analysis-common	org.apache.lucene.analysis.pt
analysis-common	org.apache.lucene.analysis.query
analysis-common	org.apache.lucene.analysis.reverse
analysis-common	org.apache.lucene.analysis.ro
analysis-common	org.apache.lucene.analysis.ru
analysis-common	org.apache.lucene.analysis.shingle
analysis-common	org.apache.lucene.analysis.sinks
analysis-common	org.apache.lucene.analysis.snowball
analysis-common	org.apache.lucene.analysis.sr
analysis-common	org.apache.lucene.analysis.sv
analysis-common	org.apache.lucene.analysis.synonym
analysis-common	org.apache.lucene.analysis.synonym.word2vec
analysis-common	org.apache.lucene.analysis.ta
analysis-common	org.apache.lucene.analysis.te
analysis-common	org.apache.lucene.analysis.th
analysis-common	org.apache.lucene.analysis.tr
analysis-common	org.apache.lucene.analysis.util
analysis-common	org.apache.lucene.analysis.wikipedia
analysis-common	org.apache.lucene.collation
analysis-common	org.apache.lucene.collation.tokenattributes
analysis-common	org.tartarus.snowball
analysis-common	org.tartarus.snowball.ext
analysis-icu	org.apache.lucene.analysis.icu
analysis-icu	org.apache.lucene.analysis.icu.segmentation
analysis-icu	org.apache.lucene.analysis.icu.tokenattributes
analysis-kuromoji	org.apache.lucene.analysis.ja
analysis-kuromoji	org.apache.lucene.analysis.ja.completion
analysis-kuromoji	org.apache.lucene.analysis.ja.dict
analysis-kuromoji	org.apache.lucene.analysis.ja.tokenattributes
analysis-morfologik	org.apache.lucene.analysis.morfologik
analysis-morfologik	org.apache.lucene.analysis.uk
analysis-nori	org.apache.lucene.analysis.ko
analysis-nori	org.apache.lucene.analysis.ko.dict
analysis-nori	org.apache.lucene.analysis.ko.tokenattributes
analysis-opennlp	org.apache.lucene.analysis.opennlp
analysis-opennlp	org.apache.lucene.analysis.opennlp.tools
analysis-phonetic	org.apache.lucene.analysis.phonetic
analysis-smartcn	org.apache.lucene.analysis.cn.smart
analysis-smartcn	org.apache.lucene.analysis.cn.smart.hhmm
analysis-stempel	org.apache.lucene.analysis.pl
analysis-stempel	org.apache.lucene.analysis.stempel
analysis-stempel	org.egothor.stemmer
backward-codecs	org.apache.lucene.backward_codecs
backward-codecs	org.apache.lucene.backward_codecs.compressing
backward-codecs	org.apache.lucene.backward_codecs.lucene100
backward-codecs	org.apache.lucene.backward_codecs.lucene101
backward-codecs	org.apache.lucene.backward_codecs.lucene102
backward-codecs	org.apache.lucene.backward_codecs.lucene103
backward-codecs	org.apache.lucene.backward_codecs.lucene40.blocktree
backward-codecs	org.apache.lucene.backward_codecs.lucene50
backward-codecs	org.apache.lucene.backward_codecs.lucene50.compressing
backward-codecs	org.apache.lucene.backward_codecs.lucene60
backward-codecs	org.apache.lucene.backward_codecs.lucene70
backward-codecs	org.apache.lucene.backward_codecs.lucene80
backward-codecs	org.apache.lucene.backward_codecs.lucene84
backward-codecs	org.apache.lucene.backward_codecs.lucene86
backward-codecs	org.apache.lucene.backward_codecs.lucene87
backward-codecs	org.apache.lucene.backward_codecs.lucene90
backward-codecs	org.apache.lucene.backward_codecs.lucene90.blocktree
backward-codecs	org.apache.lucene.backward_codecs.lucene91
backward-codecs	org.apache.lucene.backward_codecs.lucene912
backward-codecs	org.apache.lucene.backward_codecs.lucene92
backward-codecs	org.apache.lucene.backward_codecs.lucene94
backward-codecs	org.apache.lucene.backward_codecs.lucene95
backward-codecs	org.apache.lucene.backward_codecs.lucene99
backward-codecs	org.apache.lucene.backward_codecs.packed
backward-codecs	org.apache.lucene.backward_codecs.store
benchmark	org.apache.lucene.benchmark
benchmark	org.apache.lucene.benchmark.byTask
benchmark	org.apache.lucene.benchmark.byTask.feeds
benchmark	org.apache.lucene.benchmark.byTask.programmatic
benchmark	org.apache.lucene.benchmark.byTask.stats
benchmark	org.apache.lucene.benchmark.byTask.tasks
benchmark	org.apache.lucene.benchmark.byTask.utils
benchmark	org.apache.lucene.benchmark.quality
benchmark	org.apache.lucene.benchmark.quality.trec
benchmark	org.apache.lucene.benchmark.quality.utils
benchmark	org.apache.lucene.benchmark.utils
classification	org.apache.lucene.classification
classification	org.apache.lucene.classification.document
classification	org.apache.lucene.classification.utils
codecs	org.apache.lucene.codecs.bitvectors
codecs	org.apache.lucene.codecs.blockterms
codecs	org.apache.lucene.codecs.blocktreeords
codecs	org.apache.lucene.codecs.bloom
codecs	org.apache.lucene.codecs.memory
codecs	org.apache.lucene.codecs.simpletext
codecs	org.apache.lucene.codecs.uniformsplit
codecs	org.apache.lucene.codecs.uniformsplit.sharedterms
demo	org.apache.lucene.demo
demo	org.apache.lucene.demo.facet
demo	org.apache.lucene.demo.knn
expressions	org.apache.lucene.expressions
expressions	org.apache.lucene.expressions.js
facet	org.apache.lucene.facet
facet	org.apache.lucene.facet.facetset
facet	org.apache.lucene.facet.range
facet	org.apache.lucene.facet.rangeonrange
facet	org.apache.lucene.facet.sortedset
facet	org.apache.lucene.facet.taxonomy
facet	org.apache.lucene.facet.taxonomy.directory
facet	org.apache.lucene.facet.taxonomy.writercache
grouping	org.apache.lucene.search.grouping
highlighter	org.apache.lucene.search.highlight
highlighter	org.apache.lucene.search.matchhighlight
highlighter	org.apache.lucene.search.uhighlight
highlighter	org.apache.lucene.search.vectorhighlight
join	org.apache.lucene.search.join
memory	org.apache.lucene.index.memory
misc	org.apache.lucene.misc
misc	org.apache.lucene.misc.document
misc	org.apache.lucene.misc.index
misc	org.apache.lucene.misc.search
misc	org.apache.lucene.misc.store
misc	org.apache.lucene.misc.util
misc	org.apache.lucene.misc.util.fst
monitor	org.apache.lucene.monitor
queries	org.apache.lucene.queries
queries	org.apache.lucene.queries.function
queries	org.apache.lucene.queries.function.docvalues
queries	org.apache.lucene.queries.function.valuesource
queries	org.apache.lucene.queries.intervals
queries	org.apache.lucene.queries.mlt
queries	org.apache.lucene.queries.payloads
queries	org.apache.lucene.queries.spans
queryparser	org.apache.lucene.queryparser.charstream
queryparser	org.apache.lucene.queryparser.classic
queryparser	org.apache.lucene.queryparser.complexPhrase
queryparser	org.apache.lucene.queryparser.ext
queryparser	org.apache.lucene.queryparser.flexible.core
queryparser	org.apache.lucene.queryparser.flexible.core.builders
queryparser	org.apache.lucene.queryparser.flexible.core.config
queryparser	org.apache.lucene.queryparser.flexible.core.messages
queryparser	org.apache.lucene.queryparser.flexible.core.nodes
queryparser	org.apache.lucene.queryparser.flexible.core.parser
queryparser	org.apache.lucene.queryparser.flexible.core.processors
queryparser	org.apache.lucene.queryparser.flexible.core.util
queryparser	org.apache.lucene.queryparser.flexible.messages
queryparser	org.apache.lucene.queryparser.flexible.precedence
queryparser	org.apache.lucene.queryparser.flexible.precedence.processors
queryparser	org.apache.lucene.queryparser.flexible.standard
queryparser	org.apache.lucene.queryparser.flexible.standard.builders
queryparser	org.apache.lucene.queryparser.flexible.standard.config
queryparser	org.apache.lucene.queryparser.flexible.standard.nodes
queryparser	org.apache.lucene.queryparser.flexible.standard.nodes.intervalfn
queryparser	org.apache.lucene.queryparser.flexible.standard.parser
queryparser	org.apache.lucene.queryparser.flexible.standard.processors
queryparser	org.apache.lucene.queryparser.simple
queryparser	org.apache.lucene.queryparser.surround.parser
queryparser	org.apache.lucene.queryparser.surround.query
queryparser	org.apache.lucene.queryparser.xml
queryparser	org.apache.lucene.queryparser.xml.builders
replicator	org.apache.lucene.replicator.nrt
sandbox	org.apache.lucene.payloads
sandbox	org.apache.lucene.sandbox.codecs.idversion
sandbox	org.apache.lucene.sandbox.codecs.quantization
sandbox	org.apache.lucene.sandbox.document
sandbox	org.apache.lucene.sandbox.facet
sandbox	org.apache.lucene.sandbox.facet.cutters
sandbox	org.apache.lucene.sandbox.facet.cutters.ranges
sandbox	org.apache.lucene.sandbox.facet.iterators
sandbox	org.apache.lucene.sandbox.facet.labels
sandbox	org.apache.lucene.sandbox.facet.plain.histograms
sandbox	org.apache.lucene.sandbox.facet.recorders
sandbox	org.apache.lucene.sandbox.facet.utils
sandbox	org.apache.lucene.sandbox.index
sandbox	org.apache.lucene.sandbox.queries
sandbox	org.apache.lucene.sandbox.search
spatial-extras	org.apache.lucene.spatial
spatial-extras	org.apache.lucene.spatial.bbox
spatial-extras	org.apache.lucene.spatial.composite
spatial-extras	org.apache.lucene.spatial.prefix
spatial-extras	org.apache.lucene.spatial.prefix.tree
spatial-extras	org.apache.lucene.spatial.query
spatial-extras	org.apache.lucene.spatial.serialized
spatial-extras	org.apache.lucene.spatial.spatial4j
spatial-extras	org.apache.lucene.spatial.util
spatial-extras	org.apache.lucene.spatial.vector
spatial3d	org.apache.lucene.spatial3d
spatial3d	org.apache.lucene.spatial3d.geom
suggest	org.apache.lucene.search.spell
suggest	org.apache.lucene.search.suggest
suggest	org.apache.lucene.search.suggest.analyzing
suggest	org.apache.lucene.search.suggest.document
suggest	org.apache.lucene.search.suggest.fst
suggest	org.apache.lucene.search.suggest.tst
test-framework	org.apache.lucene.tests.analysis
test-framework	org.apache.lucene.tests.analysis.standard
test-framework	org.apache.lucene.tests.codecs.asserting
test-framework	org.apache.lucene.tests.codecs.blockterms
test-framework	org.apache.lucene.tests.codecs.bloom
test-framework	org.apache.lucene.tests.codecs.cheapbastard
test-framework	org.apache.lucene.tests.codecs.compressing
test-framework	org.apache.lucene.tests.codecs.compressing.dummy
test-framework	org.apache.lucene.tests.codecs.cranky
test-framework	org.apache.lucene.tests.codecs.mockrandom
test-framework	org.apache.lucene.tests.codecs.ramonly
test-framework	org.apache.lucene.tests.codecs.uniformsplit
test-framework	org.apache.lucene.tests.codecs.uniformsplit.sharedterms
test-framework	org.apache.lucene.tests.codecs.vector
test-framework	org.apache.lucene.tests.geo
test-framework	org.apache.lucene.tests.index
test-framework	org.apache.lucene.tests.mockfile
test-framework	org.apache.lucene.tests.search
test-framework	org.apache.lucene.tests.search.similarities
test-framework	org.apache.lucene.tests.store
test-framework	org.apache.lucene.tests.util
test-framework	org.apache.lucene.tests.util.automaton
test-framework	org.apache.lucene.tests.util.fst
