k1,bf800000,false
k1,7fc00000,false
k1,7f800000,false
k1,ff800000,false
k1,80000001,false
k1,00000000,true
k1,80000000,true
k1,00000001,true
k1,3f99999a,true
k1,7f7fffff,true
b,80000001,false
b,7fc00000,false
b,7f800000,false
b,ff800000,false
b,3f800001,false
b,00000000,true
b,80000000,true
b,00000001,true
b,3f400000,true
b,3f800000,true
term,3f99999a,3f400000,0,3e83dbca
term,3f99999a,3f400000,2,3e5ac3ec
term,3f666666,3ecccccd,0,3e9c42ce
term,3f666666,3ecccccd,2,3e7d4ea6
term,00000000,3f400000,0,3ef0a451
term,00000000,3f400000,2,3ef0a451
term,80000000,3f400000,0,3ef0a451
term,80000000,3f400000,2,3ef0a451
term,3dcccccd,00000000,0,3ee52ec7
term,3dcccccd,00000000,2,3edac3ec
term,40200000,3f800000,0,3e27672c
term,40200000,3f800000,2,3e098278
term,00000001,3f800000,0,3ef0a451
term,00000001,3f800000,2,3ef0a451
term,7f7fffff,3f800000,0,00000000
term,7f7fffff,3f800000,2,00000000
term,3f99999a,80000000,0,3e9666b2
term,3f99999a,80000000,2,3e5ac3ec
term,00000000,3f800000,0,3ef0a451
term,00000000,3f800000,2,3ef0a451
matrix,3f99999a,3f400000,3f800000,dea37540a525cc6e
matrix,3f99999a,3f400000,42c80000,2f09b00b96d25e89
matrix,3f99999a,3f400000,461c4000,3d3678599d2083c2
matrix,3f666666,3ecccccd,3f800000,f90cff85210abdb8
matrix,3f666666,3ecccccd,42c80000,67b34475a555f3cb
matrix,3f666666,3ecccccd,461c4000,c9fcd873299f3b39
matrix,00000000,3f400000,3f800000,c63a8bdce7fa8325
matrix,00000000,3f400000,42c80000,c63a8bdce7fa8325
matrix,00000000,3f400000,461c4000,c63a8bdce7fa8325
matrix,80000000,3f400000,3f800000,99f43dabe7fa8325
matrix,80000000,3f400000,42c80000,99f43dabe7fa8325
matrix,80000000,3f400000,461c4000,99f43dabe7fa8325
matrix,3dcccccd,00000000,3f800000,672c64b4a1cd7325
matrix,3dcccccd,00000000,42c80000,672c64b4a1cd7325
matrix,3dcccccd,00000000,461c4000,672c64b4a1cd7325
matrix,40200000,3f800000,3f800000,26a7fc65c1d476a3
matrix,40200000,3f800000,42c80000,4678ccfe114504c7
matrix,40200000,3f800000,461c4000,48c1854b25d81b91
matrix,00000001,3f800000,3f800000,9c657a2dd97a8325
matrix,00000001,3f800000,42c80000,e0e043a9293a8325
matrix,00000001,3f800000,461c4000,c63a8bdce7fa8325
matrix,7f7fffff,3f800000,3f800000,a2424d81d988659b
matrix,7f7fffff,3f800000,42c80000,a2424d81d988659b
matrix,7f7fffff,3f800000,461c4000,a2424d81d988659b
matrix,3f99999a,80000000,3f800000,ac65c0e3f2263b25
matrix,3f99999a,80000000,42c80000,ac65c0e3f2263b25
matrix,3f99999a,80000000,461c4000,ac65c0e3f2263b25
matrix,00000000,3f800000,3f800000,c63a8bdce7fa8325
matrix,00000000,3f800000,42c80000,c63a8bdce7fa8325
matrix,00000000,3f800000,461c4000,c63a8bdce7fa8325
exceptional,00000000,00000000,0,7fc00000
exceptional,00000000,00000000,1,7fc00000
exceptional,00000000,00000000,255,7fc00000
exceptional,80000000,00000000,0,7fc00000
exceptional,80000000,00000000,1,7fc00000
exceptional,80000000,00000000,255,7fc00000
exceptional,3f99999a,00000000,0,7fc00000
exceptional,3f99999a,00000000,1,00000000
exceptional,3f99999a,00000000,255,00000000
exceptional,00000000,00000001,0,3fefaec3
exceptional,00000000,00000001,1,7fc00000
exceptional,00000000,00000001,255,7fc00000
exceptional,80000000,00000001,0,3fefaec3
exceptional,80000000,00000001,1,7fc00000
exceptional,80000000,00000001,255,7fc00000
exceptional,3f99999a,00000001,0,3fefaec3
exceptional,3f99999a,00000001,1,00000000
exceptional,3f99999a,00000001,255,00000000
